{
  "cv_rmse_mean": 6.487785346458011,
  "cv_rmse_std": 0.35342888018391366,
  "cv_r2_mean": 0.168783115159601,
  "cv_r2_std": 0.042892550374033354,
  "cv_mae_mean": 4.479087122225265,
  "cv_mae_std": 0.292048283550292,
  "final_rmse": 6.028742624552673,
  "final_r2": 0.08967251352618244,
  "final_mae": 4.143068097398701,
  "feature_importance": {
    "ema20_ratio": 