{
  "cv_rmse_mean": 6.503162109861658,
  "cv_rmse_std": 0.3651411006805924,
  "cv_r2_mean": 0.16521285389564971,
  "cv_r2_std": 0.04158110540240728,
  "cv_mae_mean": 4.489487318700789,
  "cv_mae_std": 0.30884710924465414,
  "final_rmse": 6.0244075547790334,
  "final_r2": 0.08991521800807079,
  "final_mae": 4.146868763740264,
  "feature_importance": {
    "ema20_ratio": 