{
  "metrics": {
    "train": {
      "rmse": 11.837101717448002,
      "mae": 7.800296725151547,
      "r2": -0.30625486592934337
    },
    "validation": {
      "rmse": 16.01847201493759,
      "mae": 8.956013328193308,
      "r2": -0.21686856578258618
    }
  },
  "n_train": 313312,
  "n_val": 78328,
  "feature_importance_top_gain": [
    [
      "is_ny_session",
      160858.1875
    ],
    [
      "is_overlap_session",
      25930.3515625
    ],
    [
      "hour_of_day",
      10956.5068359375
    ],
    [
      "spread_proxy",
      9461.240234375
    ],
    [
      "atr_close_ratio",
      8384.328125
    ],
    [
      "returns_20bar_std",
      5643.48828125
    ],
    [
      "rsi_overbought",
      3610.28125
    ],
    [
      "is_london_session",
      3471.103515625
    ],
    [
      "day_of_week",
      2268.5107421875
    ],
    [
      "ema20_above_50",
      1986.0623779296875
    ],
    [
      "direction_flag",
      1554.39990234375
    ],
    [
      "ema50_slope",
      1537.36279296875
    ],
    [
      "ema_bullish_alignment",
      1516.2044677734375
    ],
    [
      "volume_regime",
      1389.426513671875
    ],
    [
      "ema50_above_200",
      1359.1097412109375
    ],
    [
      "macd_signal",
      1288.423095703125
    ],
    [
      "ema200_ratio",
      1275.3251953125
    ],
    [
      "ema50_ratio",
      1159.94873046875
    ],
    [
      "stoch_oversold",
      1132.593505859375
    ],
    [
      "obv_slope",
      1056.5633544921875
    ]
  ],
  "shap": {
    "available": true
  }
}